date,status,an,ap,ar,as,br,ch,ct,dd,dl,dn,ga,gj,hp,hr,jh,jk,ka,kl,la,ld,mh,ml,mn,mp,mz,nl,or,pb,py,rj,sk,tg,tn,tr,un,up,ut,wb
14-Mar-20,Confirmed,0,1,0,0,0,0,0,0,7,0,0,0,0,14,0,2,6,19,0,0,14,0,0,0,0,0,0,1,0,3,0,1,1,0,0,12,0,0
14-Mar-20,Recovered,0,0,0,0,0,0,0,0,1,0,0,0,0,0,0,0,0,3,0,0,0,0,0,0,0,0,0,0,0,1,0,0,0,0,0,4,0,0
14-Mar-20,Deceased,0,0,0,0,0,0,0,0,1,0,0,0,0,0,0,0,1,0,0,0,0,0,0,0,0,0,0,0,0,0,0,0,0,0,0,0,0,0
15-Mar-20,Confirmed,0,0,0,0,0,0,0,0,0,0,0,0,0,0,0,0,0,5,0,0,18,0,0,0,0,0,0,0,0,1,0,2,0,0,0,1,0,0
15-Mar-20,Recovered,0,0,0,0,0,0,0,0,1,0,0,0,0,0,0,0,0,0,0,0,0,0,0,0,0,0,0,0,0,2,0,1,0,0,0,0,0,0
15-Mar-20,Deceased,0,0,0,0,0,0,0,0,0,0,0,0,0,0,0,0,0,0,0,0,0,0,0,0,0,0,0,0,0,0,0,0,0,0,0,0,0,0
16-Mar-20,Confirmed,0,0,0,0,0,0,0,0,0,0,0,0,0,0,0,1,1,3,0,0,6,0,0,0,0,0,1,0,1,0,0,1,0,0,0,0,1,0
16-Mar-20,Recovered,0,0,0,0,0,0,0,0,0,0,0,0,0,0,0,0,0,0,0,0,0,0,0,0,0,0,0,0,0,0,0,0,1,0,0,0,0,0
16-Mar-20,Deceased,0,0,0,0,0,0,0,0,0,0,0,0,0,0,0,0,0,0,0,0,0,0,0,0,0,0,0,0,0,0,0,0,0,0,0,0,0,0
17-Mar-20,Confirmed,0,0,0,0,0,0,0,0,1,0,0,0,0,1,0,0,2,0,0,0,3,0,0,0,0,0,0,0,0,0,0,1,0,0,0,2,0,1
17-Mar-20,Recovered,0,0,0,0,0,0,0,0,0,0,0,0,0,0,0,0,0,0,0,0,0,0,0,0,0,0,0,0,0,0,0,0,0,0,0,1,0,0
17-Mar-20,Deceased,0,0,0,0,0,0,0,0,0,0,0,0,0,0,0,0,0,0,0,0,1,0,0,0,0,0,0,0,0,0,0,0,0,0,0,0,0,0
18-Mar-20,Confirmed,0,0,0,0,0,0,0,0,2,0,0,0,0,1,0,1,5,0,8,0,3,0,0,0,0,0,1,1,0,3,0,8,1,0,0,2,1,0
18-Mar-20,Recovered,0,0,0,0,0,0,0,0,0,0,0,0,0,0,0,0,0,0,0,0,0,0,0,0,0,0,0,0,0,0,0,0,0,0,0,0,0,0
18-Mar-20,Deceased,0,0,0,0,0,0,0,0,0,0,0,0,0,0,0,0,0,0,0,0,0,0,0,0,0,0,0,0,0,0,0,0,0,0,0,0,0,0
19-Mar-20,Confirmed,0,2,0,0,0,1,1,0,4,0,0,2,0,1,0,0,1,1,0,0,4,0,0,0,0,0,0,0,0,2,0,3,1,0,0,3,1,0
19-Mar-20,Recovered,0,0,0,0,0,0,0,0,1,0,0,0,0,0,0,0,0,0,0,0,0,0,0,0,0,0,0,0,0,0,0,0,0,0,0,4,0,0
19-Mar-20,Deceased,0,0,0,0,0,0,0,0,0,0,0,0,0,0,0,0,0,0,0,0,0,0,0,0,0,0,0,1,0,0,0,0,0,0,0,0,0,0
20-Mar-20,Confirmed,0,0,0,0,0,4,0,0,6,0,0,5,2,2,0,0,0,12,2,0,4,0,0,4,0,0,0,1,0,8,0,3,0,0,0,4,0,1
20-Mar-20,Recovered,0,0,0,0,0,0,0,0,2,0,0,0,0,0,0,0,1,0,0,0,0,0,0,0,0,0,0,0,0,0,0,0,0,0,0,0,0,0
20-Mar-20,Deceased,0,0,0,0,0,0,0,0,0,0,0,0,0,0,0,0,0,0,0,0,0,0,0,0,0,0,0,0,0,0,0,0,0,0,0,0,0,0
21-Mar-20,Confirmed,0,2,0,0,0,0,0,0,7,0,0,7,0,2,0,0,5,12,3,0,12,0,0,0,0,0,0,10,0,7,0,2,3,0,0,4,0,2
21-Mar-20,Recovered,0,0,0,0,0,0,0,0,0,0,0,0,0,0,0,0,0,0,0,0,0,0,0,0,0,0,0,0,0,0,0,0,0,0,0,0,0,0
21-Mar-20,Deceased,0,0,0,0,0,0,0,0,0,0,0,0,0,0,0,0,0,0,0,0,0,0,0,0,0,0,0,0,0,0,0,0,0,0,0,0,0,0
22-Mar-20,Confirmed,0,1,0,0,2,1,0,0,0,0,0,4,0,0,0,0,6,15,0,0,10,0,0,2,0,0,0,8,0,4,0,6,3,0,0,2,0,3
22-Mar-20,Recovered,0,0,0,0,0,0,0,0,0,0,0,0,0,0,0,0,0,0,0,0,0,0,0,0,0,0,0,0,0,0,0,0,0,0,0,0,0,0
22-Mar-20,Deceased,0,0,0,0,1,0,0,0,0,0,0,1,0,0,0,0,0,0,0,0,1,0,0,0,0,0,0,0,0,0,0,0,0,0,0,0,0,0
23-Mar-20,Confirmed,0,1,0,0,1,1,0,0,3,0,0,12,1,7,0,0,7,28,0,0,23,0,0,0,0,0,0,2,0,4,0,6,3,0,0,2,1,0
23-Mar-20,Recovered,0,0,0,0,0,0,0,0,0,0,0,0,0,11,0,0,1,0,0,0,0,0,0,0,0,0,0,0,0,0,0,0,0,0,0,0,0,0
23-Mar-20,Deceased,0,0,0,0,0,0,0,0,0,0,0,0,1,0,0,0,0,0,0,0,0,0,0,0,0,0,0,0,0,0,0,0,0,0,0,0,0,1
24-Mar-20,Confirmed,0,1,0,0,0,0,0,0,0,0,0,4,0,2,0,2,8,14,0,0,10,0,1,1,0,0,0,6,0,0,0,4,6,0,0,3,0,2
24-Mar-20,Recovered,0,0,0,0,0,0,0,0,1,0,0,0,0,0,0,0,1,1,0,0,0,0,0,0,0,0,0,0,0,0,0,0,0,0,0,2,0,0
24-Mar-20,Deceased,0,0,0,0,0,0,0,0,0,0,0,0,0,0,0,0,0,0,0,0,0,0,0,0,0,0,0,0,0,0,0,0,1,0,0,0,0,0
25-Mar-20,Confirmed,0,2,0,0,1,0,2,0,5,0,3,4,0,1,0,5,10,9,0,0,15,0,0,8,1,0,0,2,0,6,0,4,8,0,0,3,1,0
25-Mar-20,Recovered,0,1,0,0,0,0,0,0,0,0,0,0,0,0,0,1,0,0,0,0,1,0,0,0,0,0,0,0,0,0,0,0,0,0,0,0,0,0
25-Mar-20,Deceased,0,0,0,0,0,0,0,0,0,0,0,0,0,0,0,0,0,0,0,0,0,0,0,1,0,0,0,0,0,0,0,0,0,0,0,0,0,0
26-Mar-20,Confirmed,1,1,0,0,3,0,3,0,1,0,0,5,0,1,0,3,4,19,0,0,3,0,0,5,0,0,1,2,0,2,0,3,3,0,0,4,0,1
26-Mar-20,Recovered,0,0,0,0,0,0,0,0,0,0,0,0,0,0,0,0,0,7,0,0,0,0,0,0,0,0,0,0,0,0,0,0,0,0,0,0,0,0
26-Mar-20,Deceased,0,0,0,0,0,0,0,0,0,0,0,2,0,0,0,1,1,0,0,0,1,0,0,0,0,0,0,0,0,0,0,0,0,0,0,0,0,0
27-Mar-20,Confirmed,5,2,0,0,2,1,0,0,4,0,0,4,0,1,0,6,9,39,0,0,31,0,0,9,0,0,0,5,0,10,0,15,9,0,0,7,0,5
27-Mar-20,Recovered,0,0,0,0,0,0,0,0,0,0,0,0,1,0,0,0,2,0,3,0,18,0,0,0,0,0,0,1,0,0,0,0,1,0,0,0,0,0
27-Mar-20,Deceased,0,0,0,0,0,0,0,0,0,0,0,0,0,0,0,0,1,0,0,0,1,0,0,1,0,0,0,0,0,0,0,0,0,0,0,0,0,0
28-Mar-20,Confirmed,3,6,0,0,2,0,1,0,9,0,0,8,0,2,0,13,17,6,0,0,30,0,0,10,0,0,0,0,0,4,0,8,4,0,0,16,1,3
28-Mar-20,Recovered,0,0,0,0,0,0,0,0,0,0,0,0,1,0,0,0,0,1,0,0,6,0,0,0,0,0,0,0,0,0,0,0,0,0,0,0,1,0
28-Mar-20,Deceased,0,0,0,0,0,0,0,0,0,0,0,1,0,0,0,0,0,1,0,0,2,0,0,0,0,0,0,0,0,0,0,1,0,0,0,0,0,0
29-Mar-20,Confirmed,0,2,0,0,4,0,0,0,23,0,2,8,0,0,0,5,2,20,0,0,17,0,0,0,0,0,0,0,0,5,0,3,8,0,0,7,1,3
29-Mar-20,Recovered,0,0,0,0,0,0,0,0,0,0,0,1,0,0,0,0,0,4,0,0,0,0,0,0,0,0,0,0,0,0,0,0,0,0,0,0,0,0
29-Mar-20,Deceased,0,0,0,0,0,0,0,0,1,0,0,1,0,0,0,0,0,0,0,0,1,0,0,0,0,0,0,0,0,0,0,0,0,0,0,0,0,0
30-Mar-20,Confirmed,1,2,0,0,0,5,1,0,25,0,0,7,0,1,0,11,5,32,0,0,17,0,0,8,0,0,0,3,0,20,0,7,17,0,0,24,0,1
30-Mar-20,Recovered,0,0,0,0,0,0,0,0,0,0,0,2,0,6,0,0,1,4,0,0,14,0,0,0,0,0,0,0,0,0,0,13,2,0,0,6,1,0
30-Mar-20,Deceased,0,0,0,0,0,0,0,0,0,0,0,1,0,0,0,0,0,0,0,0,2,0,0,2,0,0,0,2,0,0,0,5,0,0,0,0,0,1
31-Mar-20,Confirmed,0,21,0,1,6,2,1,0,23,0,0,4,0,7,1,6,13,7,0,0,82,0,0,19,0,0,1,1,0,14,0,20,57,0,0,8,0,15
31-Mar-20,Recovered,0,0,0,0,0,0,2,0,0,0,0,2,0,0,0,0,2,4,0,0,0,0,0,0,0,0,0,0,0,0,0,0,2,0,0,0,0,3
31-Mar-20,Deceased,0,0,0,0,0,0,0,0,0,0,0,0,0,0,0,1,0,1,0,0,1,0,0,1,0,0,0,1,0,0,0,0,0,0,0,0,0,1
01-Apr-20,Confirmed,0,67,0,15,3,2,0,0,32,0,0,13,0,0,0,7,9,24,0,0,33,0,0,32,0,0,1,4,2,27,0,30,110,0,0,13,0,0
01-Apr-20,Recovered,0,1,0,0,0,0,0,0,0,0,0,0,0,10,0,1,1,2,0,0,0,0,0,0,0,0,1,0,0,0,0,0,0,0,0,0,0,0
01-Apr-20,Deceased,0,0,0,0,0,0,0,0,0,0,0,0,0,0,0,0,0,0,0,0,3,0,0,1,0,0,0,0,0,0,0,3,0,0,0,2,0,0
02-Apr-20,Confirmed,0,38,1,0,5,1,0,0,141,0,0,1,3,6,1,8,14,21,0,0,88,0,1,9,0,0,0,1,2,13,0,27,75,0,0,11,3,16
02-Apr-20,Recovered,0,0,0,0,3,0,1,0,2,0,0,5,0,0,0,1,2,2,0,0,3,0,0,0,0,0,0,0,0,0,0,3,0,0,0,0,0,0
02-Apr-20,Deceased,0,0,0,0,0,0,0,0,2,0,0,1,0,0,0,0,0,0,0,0,8,0,0,2,0,0,0,1,0,0,0,0,0,0,0,0,0,0
03-Apr-20,Confirmed,0,15,0,7,2,0,0,0,93,0,1,7,0,9,0,5,4,9,1,0,64,0,0,47,0,0,15,6,0,46,0,75,102,0,0,46,6,0
03-Apr-20,Recovered,0,0,0,0,0,0,0,0,0,0,0,0,0,0,0,0,0,14,0,0,8,0,0,0,0,0,1,0,0,0,0,15,0,0,0,0,0,0
03-Apr-20,Deceased,0,1,0,0,0,0,0,0,2,0,0,2,1,0,0,0,1,0,0,0,5,0,0,0,0,0,0,0,0,0,0,2,0,0,0,0,0,0
04-Apr-20,Confirmed,0,28,0,3,1,0,1,0,59,0,1,13,7,26,0,17,16,11,0,0,148,0,0,25,0,0,1,12,0,27,0,43,74,0,0,60,6,0
04-Apr-20,Recovered,0,0,0,0,0,3,0,0,8,0,0,3,0,1,0,0,0,8,0,0,2,0,0,0,0,0,0,2,0,22,0,1,2,0,0,4,0,0
04-Apr-20,Deceased,0,0,0,0,0,0,0,0,0,0,0,1,0,0,0,0,0,0,0,0,6,0,0,3,0,0,0,0,0,1,0,0,2,0,0,0,0,0
05-Apr-20,Confirmed,0,64,0,0,0,0,0,0,58,0,0,20,1,6,1,14,7,8,0,0,112,0,0,14,0,0,18,3,0,60,0,62,86,0,0,44,4,27
05-Apr-20,Recovered,0,3,0,0,0,2,5,0,0,0,0,8,0,0,0,1,1,6,0,0,4,0,0,3,0,0,0,1,0,0,0,0,0,0,0,0,2,7
05-Apr-20,Deceased,0,0,0,0,0,0,0,0,1,0,0,1,0,0,0,0,0,0,0,0,13,0,0,2,0,0,0,2,0,0,0,0,2,0,0,1,0,0
06-Apr-20,Confirmed,0,47,0,0,0,0,0,0,22,0,0,18,4,20,1,3,12,13,0,0,121,0,0,63,0,0,1,11,0,35,0,30,50,1,0,27,5,0
06-Apr-20,Recovered,0,0,0,0,6,0,0,0,0,0,0,1,0,0,0,0,8,3,7,0,14,0,1,8,0,0,0,0,0,0,0,12,5,0,0,0,0,0
06-Apr-20,Deceased,0,2,0,0,0,0,0,0,0,0,0,1,0,2,0,0,0,0,0,0,7,0,0,2,0,0,0,0,0,1,0,0,1,0,0,0,0,0
07-Apr-20,Confirmed,0,11,0,2,6,0,0,0,51,0,0,29,9,33,0,16,12,9,0,0,150,0,0,34,0,0,2,20,0,42,0,40,69,0,0,27,0,11
07-Apr-20,Recovered,0,0,0,0,6,2,1,0,4,0,0,3,1,2,0,0,5,12,0,0,9,0,0,10,0,0,0,10,1,0,0,0,6,0,0,0,0,3
07-Apr-20,Deceased,0,1,0,0,0,0,0,0,2,0,0,2,0,0,0,1,0,0,0,0,12,0,0,6,0,0,1,1,0,0,0,0,1,0,0,0,0,0
08-Apr-20,Confirmed,1,34,0,0,1,0,0,0,93,0,0,11,0,24,0,33,6,9,0,0,117,0,0,51,0,0,0,7,0,40,0,49,48,0,0,29,4,8
08-Apr-20,Recovered,0,1,0,0,0,0,0,0,1,0,0,0,0,1,0,2,3,13,0,0,38,0,0,4,0,0,0,0,0,20,0,0,2,0,0,10,1,0
08-Apr-20,Deceased,0,0,0,0,0,0,0,0,0,0,0,2,0,0,0,0,1,0,0,0,8,0,0,3,0,0,0,1,0,1,0,0,1,0,0,1,0,2
09-Apr-20,Confirmed,0,15,0,1,19,0,8,0,51,0,0,76,1,3,9,26,16,12,0,0,229,0,0,70,0,0,6,24,0,80,0,18,96,0,0,49,0,4
09-Apr-20,Recovered,10,4,0,0,0,0,0,0,4,0,0,1,0,0,0,0,2,13,0,0,8,0,0,0,0,0,0,4,0,15,0,0,6,0,0,0,0,3
09-Apr-20,Deceased,0,2,0,0,0,0,0,0,3,0,0,2,0,0,1,1,1,0,0,0,25,0,0,9,0,0,0,1,0,0,0,1,0,0,0,0,0,0
10-Apr-20,Confirmed,0,18,0,0,2,1,0,0,183,0,0,116,0,6,1,23,10,7,1,0,210,0,0,40,0,0,2,21,2,98,0,16,77,1,0,23,0,13
10-Apr-20,Recovered,0,0,0,0,0,0,0,0,2,0,1,7,0,4,0,0,4,27,1,0,63,0,0,12,0,0,10,2,0,0,0,0,17,0,0,1,0,0
10-Apr-20,Deceased,0,0,0,1,0,0,0,0,2,0,0,1,0,0,0,0,0,0,0,0,12,0,0,4,0,0,0,1,0,0,0,0,1,0,0,0,0,0
11-Apr-20,Confirmed,0,24,0,0,4,0,7,0,166,0,0,90,4,3,3,17,8,10,0,0,187,0,0,78,0,0,4,7,0,139,0,16,58,0,0,19,0,10
11-Apr-20,Recovered,0,0,0,0,0,0,0,0,0,0,4,11,6,0,0,0,5,19,0,0,20,0,0,1,0,0,0,0,0,56,0,51,0,0,0,13,0,0
11-Apr-20,Deceased,0,0,0,0,0,0,0,0,5,0,0,3,0,0,0,0,0,1,0,0,17,0,0,4,0,0,0,1,0,6,0,2,1,0,0,1,0,0
12-Apr-20,Confirmed,0,15,0,1,0,2,6,0,85,0,0,48,0,16,2,21,17,2,0,0,221,0,0,33,0,0,0,12,0,104,0,28,106,0,0,31,0,8
12-Apr-20,Recovered,0,2,0,0,11,0,1,0,1,0,0,0,4,8,0,0,15,36,0,0,9,0,0,3,0,0,0,3,0,5,0,7,6,0,0,0,0,3
12-Apr-20,Deceased,0,1,0,0,0,0,0,0,5,0,0,2,0,1,1,0,0,0,0,0,22,0,0,3,0,0,0,0,0,2,0,2,1,0,0,0,0,2
13-Apr-20,Confirmed,0,19,0,2,2,0,0,0,356,0,0,56,0,1,5,25,15,3,2,0,352,1,0,52,0,0,1,6,0,93,0,61,98,0,0,75,0,18
13-Apr-20,Recovered,0,0,0,0,2,0,0,0,3,0,0,10,0,7,0,10,6,19,1,0,12,0,0,10,0,0,6,2,0,0,0,0,8,0,0,4,2,10
13-Apr-20,Deceased,0,0,0,0,0,0,0,0,4,0,0,2,0,0,0,0,2,0,0,0,11,0,0,7,0,0,0,0,0,0,0,1,0,0,0,0,0,0
14-Apr-20,Confirmed,0,45,0,1,0,0,2,0,51,0,0,78,1,2,3,8,13,8,0,0,346,0,0,127,0,0,5,8,0,108,0,52,31,0,0,102,2,38
14-Apr-20,Recovered,0,4,0,0,1,0,3,0,0,0,0,5,1,4,0,14,11,13,0,0,30,0,0,13,0,0,0,2,0,26,0,7,23,0,0,1,2,7
14-Apr-20,Deceased,0,4,0,0,0,0,0,0,2,0,0,2,0,0,0,0,2,0,0,0,18,0,0,3,0,0,0,1,0,0,0,1,1,0,0,3,0,0
15-Apr-20,Confirmed,0,41,0,0,6,0,0,0,17,0,0,116,2,6,1,22,19,1,1,0,236,6,0,197,0,0,0,2,0,71,0,6,38,0,0,75,0,23
15-Apr-20,Recovered,0,4,1,2,0,2,4,0,10,0,1,5,0,2,0,6,9,7,0,0,36,0,0,0,0,0,1,0,0,0,0,8,37,1,0,7,0,1
15-Apr-20,Deceased,0,3,0,0,0,0,0,0,2,0,0,5,0,0,0,0,2,0,0,0,9,1,0,0,0,0,0,0,0,0,0,0,2,0,0,3,0,0
16-Apr-20,Confirmed,0,9,0,2,11,0,3,0,62,0,0,163,0,11,1,14,36,7,0,0,285,2,0,226,0,0,0,11,0,55,0,50,25,0,0,70,0,18
16-Apr-20,Recovered,1,0,0,3,8,0,6,0,11,0,0,9,3,8,0,2,2,27,2,0,5,0,0,6,0,0,0,2,0,17,0,68,62,0,0,11,0,5
16-Apr-20,Deceased,0,0,0,0,0,0,0,0,6,0,0,3,0,0,0,0,1,0,0,0,7,0,0,2,0,0,0,1,0,0,0,0,1,0,0,2,0,3
17-Apr-20,Confirmed,1,38,0,0,2,0,0,0,67,0,0,170,3,8,3,14,44,1,0,0,120,0,0,146,0,0,0,14,0,98,0,66,56,0,0,44,3,24
17-Apr-20,Recovered,0,15,0,4,0,0,1,0,20,0,0,13,0,21,0,4,6,10,0,0,31,0,0,0,0,0,2,1,0,19,0,0,103,0,0,14,0,9
17-Apr-20,Deceased,0,0,0,0,0,0,0,0,4,0,0,5,0,0,0,1,0,0,0,0,7,0,0,14,0,0,0,0,0,6,0,0,0,0,0,1,0,0
18-Apr-20,Confirmed,2,31,0,0,1,2,0,0,186,0,0,277,1,9,1,13,25,4,0,0,327,2,0,92,0,0,1,23,0,122,0,43,49,0,0,126,2,32
18-Apr-20,Recovered,0,7,0,3,5,0,1,0,135,0,0,7,0,14,0,9,16,2,0,0,34,0,0,57,0,0,3,1,3,17,0,0,82,0,0,26,0,4
18-Apr-20,Deceased,0,2,0,0,1,0,0,0,1,0,0,12,0,0,0,0,1,0,0,0,10,0,0,0,0,0,0,2,0,4,0,0,0,0,0,0,0,2
19-Apr-20,Confirmed,1,44,0,0,10,3,0,0,110,0,0,367,0,18,8,13,6,2,0,0,552,0,0,5,0,0,0,10,0,127,0,49,105,0,0,125,2,23
19-Apr-20,Recovered,0,23,0,5,0,4,0,0,83,0,1,12,0,4,0,5,7,13,0,0,142,0,0,4,0,0,0,6,0,5,0,0,46,0,0,19,2,7
19-Apr-20,Deceased,0,1,0,0,0,0,0,0,2,0,0,10,0,0,0,0,2,0,0,0,12,0,0,3,0,0,0,0,0,2,0,3,0,0,0,3,0,0
20-Apr-20,Confirmed,1,75,0,0,17,0,0,0,78,0,0,196,0,1,5,14,18,6,0,0,466,0,0,78,0,0,13,1,0,98,0,14,43,0,0,84,2,29
20-Apr-20,Recovered,0,27,0,2,0,1,0,0,141,0,0,26,0,37,4,15,1,21,0,0,65,0,1,7,0,0,0,1,0,0,0,0,46,0,0,13,7,4
20-Apr-20,Deceased,0,3,0,0,0,0,0,0,2,0,0,8,0,0,0,0,0,0,0,0,9,0,0,4,0,0,0,0,0,2,0,2,2,0,0,1,0,0
21-Apr-20,Confirmed,1,35,0,0,13,1,0,0,75,0,0,239,0,4,0,12,10,19,0,0,552,1,0,67,0,0,5,6,0,159,0,56,76,0,0,153,0,53
21-Apr-20,Recovered,0,4,0,0,0,0,0,0,180,0,0,8,0,6,0,10,17,16,0,0,150,0,0,10,0,0,6,11,0,69,0,8,178,0,0,22,1,7
21-Apr-20,Deceased,0,2,0,0,0,0,0,0,0,0,0,19,0,0,0,0,1,0,0,0,19,0,0,4,0,0,0,0,0,1,0,0,1,0,0,3,0,3
22-Apr-20,Confirmed,1,56,0,0,17,0,0,0,92,0,0,229,0,9,0,27,9,11,0,0,431,0,0,35,0,0,4,27,0,153,0,15,33,0,0,112,0,31
22-Apr-20,Recovered,0,24,0,0,0,0,3,0,113,0,0,40,0,11,0,11,2,1,0,0,67,0,0,4,0,0,2,4,0,70,0,0,27,0,0,11,4,0
22-Apr-20,Deceased,0,2,0,0,0,0,0,0,1,0,0,13,0,0,0,0,0,0,0,0,18,0,0,0,0,0,0,0,0,1,0,1,0,0,0,0,0,0
23-Apr-20,Confirmed,4,80,0,1,27,0,0,0,128,0,0,217,1,6,7,27,18,10,0,0,778,0,0,100,0,0,6,5,0,76,0,27,54,0,0,61,1,33
23-Apr-20,Recovered,0,21,0,0,2,0,2,0,84,0,0,79,2,12,4,0,14,8,2,0,51,0,0,51,0,0,1,13,0,107,0,58,90,1,0,33,1,6
23-Apr-20,Deceased,0,3,0,0,0,0,0,0,2,0,0,9,0,0,1,0,0,0,0,0,14,0,0,3,0,0,0,1,0,1,0,1,2,0,0,3,0,0
24-Apr-20,Confirmed,7,62,0,0,53,0,0,0,138,0,0,191,0,5,6,20,29,3,0,0,390,0,0,159,0,0,5,15,0,70,0,13,72,0,0,111,1,58
24-Apr-20,Recovered,0,4,0,0,0,1,0,0,49,0,0,7,0,16,0,17,7,15,0,0,117,0,0,7,0,0,0,4,0,42,0,39,114,0,0,20,1,24
24-Apr-20,Deceased,0,2,0,0,0,0,0,0,3,0,0,15,0,0,0,0,1,1,0,0,18,0,0,9,0,0,0,0,0,4,0,0,2,0,0,1,0,3
25-Apr-20,Confirmed,4,61,0,0,28,1,1,0,111,0,0,256,0,12,8,40,26,7,2,0,811,0,0,99,0,0,6,10,1,49,0,7,66,0,0,172,0,57
25-Apr-20,Recovered,0,26,0,0,1,0,2,0,12,0,0,17,4,5,0,3,6,7,0,0,119,0,0,71,0,0,1,2,0,20,0,16,94,0,0,35,1,0
25-Apr-20,Deceased,0,2,0,0,0,0,0,0,1,0,0,6,0,0,0,1,0,0,0,0,22,0,0,7,0,0,0,0,0,2,0,0,1,0,0,2,0,0
26-Apr-20,Confirmed,0,81,0,0,26,8,0,0,293,0,0,230,0,9,15,29,3,11,0,0,440,0,0,145,0,0,3,14,0,102,0,11,64,0,0,80,3,40
26-Apr-20,Recovered,0,60,0,8,11,2,0,0,8,0,0,31,0,8,5,25,24,4,0,0,112,0,0,21,0,0,1,12,0,116,0,9,60,0,0,66,0,2
26-Apr-20,Deceased,0,0,0,0,0,0,0,0,0,0,0,18,0,0,0,0,1,0,0,0,19,0,0,4,0,0,0,1,0,7,0,0,1,0,0,3,0,2
27-Apr-20,Confirmed,0,80,0,0,69,9,0,0,190,0,0,247,0,5,21,23,9,13,0,0,522,0,0,75,0,0,15,8,0,77,0,2,52,0,0,113,0,38
27-Apr-20,Recovered,0,4,0,0,0,0,0,0,0,0,0,81,3,14,4,27,11,13,0,0,94,0,0,55,0,0,2,14,1,115,0,16,54,0,0,72,0,0
27-Apr-20,Deceased,0,0,0,0,0,0,0,0,0,0,0,11,0,0,0,1,1,0,0,0,27,0,0,7,0,0,0,1,0,9,0,0,0,0,0,1,0,0
28-Apr-20,Confirmed,0,82,0,2,20,11,1,0,206,0,0,226,0,7,2,19,11,4,2,0,728,0,0,222,0,0,0,12,0,102,0,6,121,0,0,67,3,48
28-Apr-20,Recovered,4,23,0,0,8,0,2,0,201,0,0,40,0,11,2,12,14,4,0,0,106,0,0,16,0,0,1,3,0,26,0,42,54,0,0,63,0,4
28-Apr-20,Deceased,0,0,0,0,0,0,0,0,0,0,0,19,0,0,0,1,0,0,0,0,31,0,0,10,0,0,0,0,0,2,0,0,1,0,0,3,0,2
29-Apr-20,Confirmed,0,73,0,0,37,12,0,0,125,0,0,308,0,3,2,16,12,10,0,0,597,0,0,173,0,0,7,33,0,76,0,7,104,0,0,81,1,28
29-Apr-20,Recovered,0,29,0,2,0,0,0,0,14,0,0,93,0,1,0,16,9,10,1,0,205,0,0,88,0,0,1,0,0,44,0,35,82,0,0,48,2,10
29-Apr-20,Deceased,0,0,0,0,0,0,0,0,2,0,0,16,0,0,0,0,1,0,0,0,32,0,0,10,0,0,0,0,0,3,0,0,2,0,0,5,0,0
30-Apr-20,Confirmed,0,71,0,5,22,6,2,0,76,0,0,313,0,28,3,33,30,2,0,0,583,0,0,65,0,0,18,105,0,144,0,22,161,1,0,77,2,33
30-Apr-20,Recovered,1,34,0,0,20,1,2,0,2,0,0,86,3,10,0,24,13,14,0,0,180,0,0,21,0,0,2,3,0,79,0,33,48,0,0,41,8,5
30-Apr-20,Deceased,0,0,0,0,0,0,0,0,3,0,0,17,0,1,0,0,1,0,0,0,27,0,0,7,0,0,0,1,0,3,0,3,0,0,0,1,0,11
01-May-20,Confirmed,0,60,0,0,41,14,3,0,223,0,0,326,0,18,3,25,24,0,0,0,1008,0,0,90,0,0,11,105,0,82,0,6,203,0,0,117,0,37
01-May-20,Recovered,0,82,0,4,14,0,0,0,73,0,0,123,2,6,2,31,22,9,0,0,106,10,0,42,0,0,14,4,0,223,0,22,54,0,0,103,1,15
01-May-20,Deceased,0,2,0,0,1,0,0,0,2,0,0,22,0,0,0,0,0,0,0,0,26,0,0,8,0,0,0,0,0,4,0,0,1,0,0,2,1,8
02-May-20,Confirmed,0,62,0,0,15,6,0,0,384,0,0,333,0,19,2,27,12,2,1,0,790,0,0,73,0,0,6,187,1,106,0,17,231,2,0,159,2,127
02-May-20,Recovered,10,38,0,0,19,1,0,0,89,0,0,160,3,1,1,7,20,8,0,0,121,0,0,100,0,0,1,4,0,126,0,35,29,0,0,44,2,12
02-May-20,Deceased,0,0,0,0,1,0,0,0,3,0,0,26,0,1,0,0,3,0,0,0,36,0,0,6,0,0,0,0,0,6,0,1,1,0,0,1,0,7
03-May-20,Confirmed,0,58,0,0,36,3,14,0,427,0,0,374,0,66,0,35,13,0,19,0,678,0,0,49,0,0,2,330,0,114,0,21,266,12,0,158,1,276
03-May-20,Recovered,6,47,0,0,7,0,0,0,106,0,0,146,1,3,5,33,22,1,0,0,115,0,0,174,0,0,4,5,1,114,0,46,38,0,0,56,0,-19
03-May-20,Deceased,0,0,0,0,0,1,0,0,0,0,0,28,0,0,0,0,0,0,0,0,27,0,0,5,0,0,0,1,0,3,0,0,1,0,0,0,0,74
04-May-20,Confirmed,0,67,0,0,11,5,1,0,349,0,0,376,1,75,0,25,37,0,0,0,1567,0,0,105,0,0,7,130,0,175,0,3,527,13,0,121,0,61
04-May-20,Recovered,0,36,0,0,3,2,0,0,69,0,0,153,0,9,0,16,28,61,0,0,350,0,0,58,0,0,0,11,0,82,0,40,30,0,0,48,0,86
04-May-20,Deceased,0,0,0,0,0,0,0,0,0,0,0,29,0,1,0,0,2,0,0,0,35,0,0,9,0,0,0,2,0,6,0,0,1,0,0,7,0,11
05-May-20,Confirmed,0,67,0,2,7,17,1,0,206,1,0,441,1,31,10,15,22,3,0,0,984,0,0,107,0,0,8,219,0,97,0,11,508,13,0,114,1,85
05-May-20,Recovered,0,65,0,0,31,0,0,0,37,0,0,186,0,2,6,17,10,0,0,0,354,0,0,144,1,0,0,5,0,87,0,43,76,0,0,185,0,46
05-May-20,Deceased,0,1,0,0,0,0,0,0,0,0,0,49,1,0,0,0,2,0,0,0,34,0,0,11,0,0,1,2,0,12,0,0,2,0,0,6,0,7
06-May-20,Confirmed,0,60,0,1,7,5,0,0,428,0,0,380,1,46,2,34,20,0,0,0,1233,0,0,89,0,0,28,75,0,159,0,11,771,22,0,118,0,112
06-May-20,Recovered,0,140,0,2,0,0,0,0,74,0,0,119,0,4,4,2,23,7,0,0,275,0,0,99,0,0,1,2,0,214,0,20,31,0,0,143,0,1
06-May-20,Deceased,0,2,0,0,0,0,0,0,1,0,0,28,0,1,0,0,0,0,0,0,34,0,0,9,0,0,0,2,0,4,0,0,2,0,0,4,0,4
07-May-20,Confirmed,0,56,0,8,8,11,0,0,448,0,0,388,3,31,5,18,12,0,0,0,1216,0,0,114,0,0,14,118,0,110,0,15,580,24,0,73,0,92
07-May-20,Recovered,1,51,0,0,60,0,0,0,389,0,0,209,0,0,4,13,12,5,0,0,207,0,0,132,0,0,1,14,0,150,0,45,31,0,0,120,0,31
07-May-20,Deceased,0,2,0,0,1,0,0,0,1,0,0,29,0,0,0,1,1,0,0,0,43,0,0,8,0,0,0,1,0,6,0,0,2,0,0,2,0,7
08-May-20,Confirmed,0,54,0,6,29,11,0,0,338,0,0,390,4,22,22,30,48,1,0,0,1089,0,0,89,0,0,51,87,1,152,0,10,600,30,0,143,2,130
08-May-20,Recovered,0,62,0,0,49,0,2,0,89,0,0,163,0,19,0,29,10,10,1,0,169,0,0,118,0,0,1,3,2,122,0,34,58,0,0,137,6,27
08-May-20,Deceased,0,3,0,1,0,1,0,0,2,0,0,24,0,1,0,0,0,0,0,0,37,0,0,7,0,0,0,1,0,4,0,0,3,0,0,4,0,9
09-May-20,Confirmed,0,43,0,2,32,23,0,0,224,0,0,394,2,28,2,13,41,2,0,0,1165,1,0,116,0,0,82,31,0,129,0,31,526,17,0,159,4,108
09-May-20,Recovered,0,45,0,0,51,3,5,0,0,0,0,219,1,11,37,4,10,1,0,0,330,0,0,131,0,0,5,5,0,151,0,24,219,0,0,112,1,49
09-May-20,Deceased,0,3,0,-1,0,0,0,0,0,0,0,23,0,1,0,0,0,0,0,0,48,0,0,11,0,0,1,2,0,3,0,1,4,0,0,8,0,11
10-May-20,Confirmed,0,50,0,1,96,4,0,0,381,0,0,398,6,28,1,25,54,7,0,0,1943,0,0,157,0,0,25,61,2,106,0,33,669,16,0,94,1,153
10-May-20,Recovered,0,38,0,0,36,0,6,0,49,0,0,454,0,10,0,15,36,4,3,0,399,0,0,196,0,0,0,9,1,79,0,0,135,0,0,154,0,45
10-May-20,Deceased,0,1,0,0,1,1,0,0,5,0,0,21,0,1,0,0,1,0,0,0,53,0,0,4,0,0,0,0,0,2,0,0,3,0,0,5,0,14
11-May-20,Confirmed,0,38,0,2,42,8,0,0,310,0,0,347,1,27,4,18,14,7,0,0,1230,0,0,171,0,0,38,54,0,174,0,79,798,0,0,106,0,124
11-May-20,Recovered,0,73,0,5,23,4,4,0,60,0,0,235,0,37,0,44,4,0,1,0,587,0,0,71,0,0,17,2,0,83,0,50,92,0,0,105,0,82
11-May-20,Deceased,0,0,0,0,0,0,0,0,0,0,0,20,0,1,0,1,0,0,0,0,36,0,0,6,0,0,0,0,0,5,0,0,6,0,0,1,0,5
12-May-20,Confirmed,0,71,0,0,130,6,0,0,406,0,0,362,8,50,11,55,63,5,0,0,1026,0,0,201,0,0,22,37,0,138,0,51,716,2,0,91,1,110
12-May-20,Recovered,0,58,0,0,5,2,1,0,383,1,0,466,0,5,1,28,7,0,0,0,339,0,0,113,0,0,31,3,0,130,0,21,83,0,0,115,0,113
12-May-20,Deceased,0,1,0,0,0,0,0,0,13,0,0,24,0,0,0,0,0,0,0,0,53,0,0,4,0,0,0,1,0,4,0,2,8,0,0,2,0,8
13-May-20,Confirmed,0,48,0,15,74,4,0,0,359,0,0,364,1,13,5,37,34,10,1,0,1495,0,0,187,0,0,101,10,1,202,0,41,509,1,0,94,3,117
13-May-20,Recovered,0,86,0,0,18,0,1,0,346,0,0,316,0,76,8,11,18,1,0,0,422,1,0,144,0,0,27,29,0,119,0,117,41,0,0,92,0,90
13-May-20,Deceased,0,1,0,0,1,0,0,0,20,0,0,29,0,0,0,1,2,0,0,0,54,0,0,7,0,0,0,0,0,4,0,2,3,0,0,4,0,9
14-May-20,Confirmed,0,68,0,7,46,0,1,0,472,0,8,324,6,25,26,12,28,26,0,0,1602,0,1,253,0,0,134,11,3,206,0,47,447,1,0,144,6,87
14-May-20,Recovered,0,50,0,0,12,7,1,0,187,0,0,191,0,21,0,19,9,3,0,0,542,0,0,167,0,0,15,23,0,65,0,13,65,27,0,107,4,66
14-May-20,Deceased,0,1,0,0,0,0,0,0,9,0,0,20,0,0,0,0,2,0,0,0,44,0,0,5,0,0,0,0,0,4,0,0,2,0,0,2,0,8
15-May-20,Confirmed,0,102,0,3,34,0,6,0,425,0,0,340,2,36,8,30,69,16,0,0,1576,0,0,169,0,0,65,-3,0,213,0,40,434,0,0,155,4,84
15-May-20,Recovered,0,60,0,1,28,3,0,0,473,0,0,282,0,25,10,28,20,0,2,0,475,0,0,112,0,0,8,82,0,91,0,7,359,13,0,93,1,61
15-May-20,Deceased,0,0,0,0,0,0,0,0,8,0,0,20,0,2,0,0,1,0,0,0,49,0,0,2,0,0,0,0,0,0,0,0,5,0,0,7,0,10
16-May-20,Confirmed,0,48,0,3,145,0,1,0,438,0,5,1057,2,33,6,108,36,11,0,0,1606,0,4,195,0,0,0,14,1,213,0,55,477,11,0,201,9,115
16-May-20,Recovered,0,101,0,0,33,11,2,0,408,0,0,273,4,50,16,29,16,4,0,0,524,0,0,32,0,0,30,952,0,215,0,12,939,22,0,276,0,63
16-May-20,Deceased,0,1,0,0,1,0,0,0,6,0,0,19,0,0,0,1,0,0,0,0,67,0,0,4,0,0,0,0,0,1,0,0,4,0,0,9,0,7
17-May-20,Confirmed,0,25,0,8,142,0,18,0,422,0,9,391,2,23,6,62,55,14,0,0,2347,0,0,187,0,0,91,18,0,242,0,42,639,-2,0,206,1,101
17-May-20,Recovered,0,103,0,1,0,0,1,0,276,0,0,191,1,48,0,33,13,0,0,0,600,0,0,88,0,0,24,109,0,111,0,21,634,21,0,195,1,67
17-May-20,Deceased,0,1,0,0,0,0,0,0,19,0,0,34,0,1,0,1,1,0,0,0,63,0,0,5,0,0,1,3,0,5,0,0,4,0,0,8,0,6
18-May-20,Confirmed,0,52,0,15,103,5,10,0,299,0,9,366,10,18,5,106,99,29,0,0,2005,0,0,259,0,0,48,16,0,305,0,41,536,0,0,141,4,147
18-May-20,Recovered,0,96,0,0,44,3,0,0,283,0,0,305,2,36,14,34,21,0,19,0,749,1,0,32,0,0,57,181,0,163,0,10,234,4,0,147,0,47
18-May-20,Deceased,0,0,0,2,1,0,0,0,12,0,0,35,0,0,0,2,0,0,0,0,51,0,0,4,0,0,0,2,0,7,0,0,3,0,0,6,0,6
19-May-20,Confirmed,0,57,0,42,96,3,5,0,500,0,8,395,2,36,20,28,149,12,0,0,2078,0,2,229,0,0,102,22,5,338,0,42,688,8,814,321,15,137
19-May-20,Recovered,0,69,0,0,0,3,0,0,265,0,0,239,5,29,0,38,13,0,0,0,1202,0,0,196,0,0,30,95,1,119,0,9,489,27,0,135,0,68
19-May-20,Deceased,0,2,0,0,0,0,0,0,6,0,0,25,1,0,0,2,3,0,0,0,76,0,0,6,0,0,1,1,0,5,0,4,3,0,0,5,0,6
20-May-20,Confirmed,0,71,0,31,257,3,14,0,534,0,4,398,18,29,42,73,67,24,1,0,2161,1,16,270,0,0,74,3,1,170,0,27,743,0,282,249,15,142
20-May-20,Recovered,0,43,0,7,54,79,0,0,442,0,0,176,3,21,2,31,13,5,0,0,679,0,0,103,0,0,36,152,0,67,0,2,987,0,0,148,1,62
20-May-20,Deceased,0,1,0,0,0,0,0,0,10,0,0,30,0,0,0,1,1,0,0,0,65,0,0,9,0,0,1,0,0,4,0,2,3,0,0,4,0,3
21-May-20,Confirmed,0,45,0,22,211,16,14,0,571,0,2,371,42,37,13,59,143,24,0,0,2345,0,0,246,0,0,51,23,0,212,0,38,776,2,307,340,19,94
21-May-20,Recovered,0,41,0,6,0,42,0,0,375,0,0,269,5,33,7,6,15,8,0,0,1408,0,0,110,0,0,50,25,0,81,0,23,400,32,0,138,0,57
21-May-20,Deceased,0,1,0,0,0,0,0,0,18,0,0,24,0,0,0,2,0,0,0,0,64,0,0,4,0,0,1,1,0,4,0,5,7,0,0,11,0,6
22-May-20,Confirmed,0,62,0,15,179,1,44,0,660,0,2,363,16,37,20,40,138,42,2,0,2940,0,1,189,0,0,86,1,3,267,0,62,786,0,217,220,8,135
22-May-20,Recovered,0,26,0,0,58,0,3,0,330,0,9,392,0,25,0,36,26,2,0,0,857,0,0,245,0,0,43,28,0,195,0,7,846,4,0,120,0,28
22-May-20,Deceased,0,1,0,0,2,0,0,0,14,0,0,29,0,2,0,0,0,1,0,0,63,0,0,1,0,0,0,0,0,2,0,3,4,0,0,14,0,6
23-May-20,Confirmed,0,47,0,121,228,6,42,0,591,1,1,396,17,64,27,80,216,62,3,0,2608,0,3,201,0,0,80,16,0,248,1,52,759,16,279,282,91,127
23-May-20,Recovered,0,48,0,2,24,1,2,0,370,0,0,289,2,44,5,54,11,3,0,0,821,0,0,178,0,0,61,23,0,106,0,25,363,0,0,82,2,60
23-May-20,Deceased,0,1,0,0,0,0,0,0,23,0,0,27,0,0,0,1,1,0,0,0,60,0,0,9,0,0,0,0,0,7,0,1,5,0,0,3,0,4
24-May-20,Confirmed,0,66,1,46,180,37,38,0,508,0,11,394,18,53,20,52,130,53,3,0,3041,0,3,294,0,0,67,15,15,286,0,41,765,3,439,251,73,208
24-May-20,Recovered,0,62,0,1,49,0,0,0,273,0,0,243,2,15,7,35,46,5,0,0,1196,0,2,141,0,0,53,28,2,62,0,24,833,13,0,132,3,58
24-May-20,Deceased,0,0,0,0,0,1,0,0,30,0,0,29,0,0,1,0,0,1,0,0,58,0,0,9,0,0,0,1,0,3,0,4,8,0,0,6,2,3
25-May-20,Confirmed,0,106,0,156,163,4,40,0,635,0,1,405,20,29,35,47,93,49,1,0,2436,1,4,194,0,3,102,21,8,272,0,66,805,4,304,229,32,149
25-May-20,Recovered,0,51,0,5,31,8,3,0,231,0,3,224,4,37,0,0,51,12,0,0,1186,0,0,163,0,0,99,15,5,208,0,72,407,0,0,122,0,75
25-May-20,Deceased,0,0,0,0,2,0,0,0,15,0,0,30,0,0,0,2,2,0,0,0,60,0,0,10,0,0,0,0,0,4,0,3,7,0,0,8,1,6
26-May-20,Confirmed,0,97,0,134,231,12,68,0,412,0,0,361,24,92,21,91,101,67,0,0,2091,5,3,165,0,1,79,25,0,236,0,112,646,34,328,227,51,193
26-May-20,Recovered,0,125,0,0,67,0,12,0,183,0,9,501,0,22,5,24,59,10,0,0,1168,0,0,118,0,0,84,5,0,220,0,120,611,0,0,164,6,72
26-May-20,Deceased,0,1,0,0,1,0,0,0,12,0,0,27,0,0,0,1,0,1,0,0,97,0,0,5,0,0,0,0,0,3,0,1,11,0,0,8,0,5
27-May-20,Confirmed,0,134,0,101,68,1,4,0,792,0,1,376,26,76,7,162,135,40,1,0,2190,0,5,237,0,5,76,33,0,280,0,107,817,10,1043,267,69,183
27-May-20,Recovered,0,48,0,25,118,0,4,0,310,0,9,410,3,14,0,21,17,10,0,0,964,0,0,238,0,0,79,0,0,286,0,37,567,0,0,167,15,92
27-May-20,Deceased,0,1,0,0,1,0,0,0,15,0,0,23,2,2,0,2,3,0,0,0,105,0,0,8,0,0,0,0,0,3,0,6,6,0,0,5,0,6
28-May-20,Confirmed,0,128,1,97,149,10,34,0,1024,0,1,367,8,123,6,115,115,85,20,0,2598,1,11,192,0,9,67,19,4,251,0,117,827,2,319,179,31,344
28-May-20,Recovered,0,68,0,16,132,2,0,0,231,0,1,454,7,43,0,5,53,3,0,0,698,0,0,123,0,0,75,28,0,253,0,24,639,2,0,224,0,90
28-May-20,Deceased,0,1,0,0,0,0,0,0,13,0,0,22,0,1,0,1,0,1,0,0,85,0,0,8,0,0,0,0,0,7,0,4,12,0,0,15,0,6
29-May-20,Confirmed,0,85,0,177,174,0,17,0,1105,0,0,372,14,217,82,128,248,62,0,0,2682,6,4,192,0,7,63,39,4,298,0,169,874,10,341,275,216,277
29-May-20,Recovered,0,101,0,22,159,0,17,0,351,0,3,608,10,59,63,16,60,10,0,0,8381,0,2,219,0,0,90,3,6,429,0,36,765,0,0,195,23,107
29-May-20,Deceased,0,1,0,0,0,0,1,0,82,0,0,20,0,0,1,1,1,1,0,0,116,0,0,13,0,0,2,2,0,4,0,4,9,0,0,4,0,7
30-May-20,Confirmed,0,131,1,159,206,0,32,0,1163,0,1,412,18,202,73,177,141,58,3,0,2940,0,1,246,0,11,96,36,0,252,0,74,938,17,370,256,33,317
30-May-20,Recovered,0,55,0,38,102,10,2,0,229,0,1,621,24,31,40,33,103,10,0,0,1084,0,0,175,0,0,73,18,0,495,0,31,687,5,0,241,0,195
30-May-20,Deceased,0,0,0,0,6,0,0,0,18,0,0,27,0,1,0,0,1,1,0,0,99,0,0,9,0,0,0,2,0,9,0,6,6,0,0,12,1,7
31-May-20,Confirmed,0,110,0,123,242,4,51,0,1295,0,1,438,18,168,41,105,299,61,0,0,2487,0,11,198,0,7,129,30,13,214,0,199,1149,45,448,374,158,371
31-May-20,Recovered,0,51,0,22,209,0,12,0,403,0,2,689,9,77,0,19,221,15,4,0,1248,0,5,398,0,0,76,20,2,293,0,16,757,1,0,192,0,187
31-May-20,Deceased,0,2,0,0,2,0,0,0,57,0,0,31,0,0,0,0,2,0,0,0,89,0,0,7,0,0,0,1,0,1,0,5,13,0,0,4,0,8
01-Jun-20,Confirmed,0,105,18,146,138,4,49,0,990,1,2,423,9,265,26,155,187,57,0,0,2358,1,12,194,0,0,156,38,9,269,0,94,1162,107,139,286,52,271
01-Jun-20,Recovered,0,34,0,99,221,15,7,0,268,0,6,861,2,7,40,19,100,18,0,0,779,0,0,161,0,0,119,13,0,181,0,63,413,0,0,187,120,149
01-Jun-20,Deceased,0,2,0,0,0,0,0,0,50,0,0,25,0,1,0,3,1,1,0,0,76,0,0,8,0,0,0,-1,0,5,0,6,11,0,0,5,0,8
02-Jun-20,Confirmed,0,115,2,74,151,4,15,0,1298,0,6,415,5,296,61,117,388,86,4,0,2287,2,6,137,12,6,141,41,0,273,0,99,1091,48,784,368,84,396
02-Jun-20,Recovered,0,40,0,53,62,0,9,0,497,0,7,1114,18,14,0,7,75,19,0,0,1225,0,3,218,0,0,80,17,0,222,0,35,536,0,0,146,30,104
02-Jun-20,Deceased,0,0,0,0,1,1,1,0,33,0,0,29,0,2,0,2,0,1,1,0,103,0,0,6,0,0,0,2,0,4,0,4,13,0,0,7,2,10
03-Jun-20,Confirmed,0,180,10,271,230,0,64,0,1513,8,47,485,14,302,42,139,267,82,9,0,2560,3,19,168,1,9,143,34,11,279,1,129,1286,151,709,141,42,340
03-Jun-20,Recovered,0,50,0,76,222,0,40,0,299,0,0,318,10,20,1,54,111,24,1,0,996,1,24,224,0,0,91,12,8,309,0,30,610,0,0,81,7,170
03-Jun-20,Deceased,0,4,0,0,1,0,0,0,59,0,0,30,0,0,0,1,1,0,0,0,122,0,0,7,0,0,0,1,0,6,0,7,8,0,0,1,1,10
04-Jun-20,Confirmed,0,141,5,285,126,1,147,0,1359,3,40,492,24,327,63,285,257,94,4,0,2933,0,16,174,3,22,90,39,9,210,0,127,1384,24,360,367,68,368
04-Jun-20,Recovered,0,65,0,46,95,8,36,0,356,0,0,455,29,34,69,41,106,39,0,0,1352,0,0,192,0,0,65,14,4,360,0,31,585,0,0,182,38,188
04-Jun-20,Deceased,0,3,0,0,3,0,0,0,44,0,0,33,0,1,1,1,4,3,0,0,123,0,0,6,0,0,0,0,0,4,0,6,15,0,0,15,2,10
05-Jun-20,Confirmed,0,138,4,128,146,7,90,0,1330,0,30,510,10,316,95,182,515,111,3,0,2436,0,8,234,7,27,130,46,5,222,1,143,1438,48,127,496,62,427
05-Jun-20,Recovered,0,36,0,50,113,51,25,0,417,0,8,344,10,86,69,38,83,22,0,0,1466,0,0,241,0,0,123,26,6,255,0,40,861,0,0,209,47,144
05-Jun-20,Deceased,0,2,0,0,1,0,0,0,49,0,0,35,0,0,1,1,0,0,0,0,139,0,0,7,0,0,1,1,0,5,0,8,12,0,0,12,1,11
06-Jun-20,Confirmed,0,210,2,230,233,3,60,0,1320,5,71,498,7,355,106,143,378,108,2,0,2739,0,25,232,0,0,173,54,3,253,4,206,1458,55,582,370,88,435
06-Jun-20,Recovered,0,75,0,79,65,0,28,0,349,0,0,313,5,71,38,40,280,50,2,0,2243,0,14,230,0,8,112,23,5,142,0,83,633,0,0,260,78,207
06-Jun-20,Deceased,0,0,0,0,0,0,2,0,53,0,0,29,0,0,0,3,2,1,0,0,120,0,0,15,0,0,0,2,0,13,0,10,19,0,0,11,0,17
07-Jun-20,Confirmed,0,199,3,208,239,2,150,0,1282,1,33,480,11,496,75,620,239,107,4,0,3007,3,15,173,10,9,75,93,12,262,0,154,1515,53,418,433,52,449
07-Jun-20,Recovered,0,29,0,48,107,1,7,0,335,1,0,319,28,194,17,90,159,41,0,0,1924,0,0,223,0,0,178,14,1,253,0,32,604,19,0,277,106,184
07-Jun-20,Deceased,0,2,0,0,1,0,0,0,51,0,0,30,0,4,0,2,2,0,0,0,91,0,0,13,0,0,1,1,0,9,0,14,18,0,0,7,2,13
08-Jun-20,Confirmed,0,154,6,154,177,6,124,0,1007,2,30,477,10,406,187,198,308,91,0,0,2554,3,100,237,8,6,138,55,9,277,0,92,1562,38,-773,411,56,426
08-Jun-20,Recovered,0,42,0,148,137,11,69,0,358,0,2,321,5,226,29,108,309,11,0,0,1661,0,6,205,0,0,99,22,4,363,0,0,528,0,0,159,186,162
08-Jun-20,Deceased,0,0,0,0,1,0,0,0,62,0,0,31,0,11,0,4,3,1,0,0,109,0,0,2,0,0,0,2,0,6,0,5,17,0,0,8,0,9
09-Jun-20,Confirmed,1,69,0,215,208,6,14,0,1366,2,29,470,16,355,126,61,161,91,5,0,2258,4,32,211,46,5,146,56,4,369,6,178,1685,26,874,388,126,372
09-Jun-20,Recovered,0,48,1,312,228,0,12,0,504,0,0,409,14,107,40,182,164,34,0,0,1664,0,6,193,0,2,140,39,2,211,3,0,798,0,0,325,41,155
09-Jun-20,Deceased,0,2,0,1,2,0,1,0,31,0,0,33,0,6,1,3,2,0,0,0,120,0,0,6,0,0,0,2,0,9,0,6,18,1,0,18,0,10
10-Jun-20,Confirmed,1,365,4,235,243,2,51,0,1501,5,28,510,14,370,135,161,120,65,7,0,3254,1,7,200,5,1,110,86,12,355,0,191,1927,31,516,275,25,343
10-Jun-20,Recovered,0,110,2,152,164,4,4,0,384,0,0,370,13,381,33,165,257,57,0,0,1877,0,0,163,0,12,149,65,5,241,0,75,1008,47,0,302,76,159
10-Jun-20,Deceased,0,1,0,1,1,0,1,0,79,0,0,34,1,7,0,3,3,1,0,0,149,0,0,7,0,0,0,0,0,4,0,8,19,0,0,20,2,17
11-Jun-20,Confirmed,3,182,6,145,250,4,136,0,1877,1,30,513,19,389,48,67,204,83,20,0,3607,0,55,192,9,2,136,82,13,238,0,209,1875,25,-296,478,93,440
11-Jun-20,Recovered,0,99,0,184,152,4,70,0,486,0,0,366,26,73,38,149,114,62,4,0,1562,5,9,150,0,7,72,27,7,206,0,176,1372,39,0,321,55,209
11-Jun-20,Deceased,0,2,0,0,0,0,0,0,101,0,0,38,0,12,0,1,3,1,0,0,152,0,0,4,0,0,1,4,2,6,0,9,23,0,0,24,1,10
12-Jun-20,Confirmed,0,207,19,263,148,13,47,0,2137,0,46,495,16,366,57,156,271,78,104,0,3493,0,19,202,2,26,112,99,6,230,50,164,1982,41,-616,528,69,476
12-Jun-20,Recovered,0,123,0,152,230,2,123,0,667,0,2,392,17,214,55,266,464,32,4,0,1718,4,0,159,0,28,120,23,9,236,0,285,1342,0,0,317,61,218
12-Jun-20,Deceased,0,0,0,2,1,0,0,0,129,0,0,31,0,6,0,1,7,1,0,0,127,0,0,9,0,0,1,4,1,7,0,9,18,0,0,20,5,9
13-Jun-20,Confirmed,0,222,5,207,193,5,105,0,2134,5,60,517,16,415,55,148,308,85,198,0,3427,0,64,198,6,7,225,77,13,333,0,253,1989,83,-331,502,61,454
13-Jun-20,Recovered,0,94,2,221,370,0,87,0,1547,0,1,390,16,328,131,183,208,46,10,0,1550,1,0,176,0,27,120,45,6,326,2,74,1362,37,0,266,130,336
13-Jun-20,Deceased,0,2,0,0,0,0,0,0,57,0,0,33,0,8,0,2,3,0,0,0,113,0,0,7,0,0,0,2,0,10,0,8,30,0,0,20,2,12
14-Jun-20,Confirmed,2,294,3,218,186,2,121,0,2224,4,41,511,16,459,52,163,176,54,112,0,3390,0,9,161,2,10,186,77,18,293,5,237,1974,33,-548,497,34,389
14-Jun-20,Recovered,0,131,1,155,289,0,88,0,878,0,4,442,17,200,89,120,312,56,12,0,1632,3,18,300,0,4,114,29,9,229,0,25,1138,118,0,393,34,518
14-Jun-20,Deceased,0,2,0,0,1,0,3,0,56,0,0,29,0,10,0,4,5,0,0,0,120,0,0,12,0,0,1,2,1,10,0,3,38,0,0,14,1,12
15-Jun-20,Confirmed,1,304,4,191,187,5,44,0,1647,0,28,514,38,514,30,179,213,82,6,0,2786,0,32,133,5,4,146,127,8,287,0,219,1843,10,-464,476,26,407
15-Jun-20,Recovered,0,69,0,245,251,6,124,0,604,0,11,339,16,562,95,215,174,73,2,0,5071,0,60,226,0,0,146,87,4,219,0,389,797,0,0,342,78,434
15-Jun-20,Deceased,0,2,0,0,2,1,0,0,73,0,0,28,0,12,1,3,2,1,0,0,178,0,0,6,0,0,0,4,0,9,0,2,44,0,0,18,0,10
16-Jun-20,Confirmed,3,264,4,201,148,8,69,0,1859,15,37,524,4,550,46,78,317,79,94,0,2701,0,10,148,4,2,108,104,14,235,0,213,1515,1,712,507,97,415
16-Jun-20,Recovered,0,128,0,206,345,1,91,0,73,7,0,418,19,183,121,177,322,60,3,0,1802,2,8,249,0,15,120,18,4,177,0,261,1438,123,0,294,27,534
16-Jun-20,Deceased,0,2,0,0,1,0,0,0,437,0,0,28,0,18,0,1,7,0,0,0,1409,0,0,11,0,0,0,1,0,7,0,4,49,0,0,18,1,10
17-Jun-20,Confirmed,0,351,4,184,130,5,80,0,2414,5,27,520,25,560,57,108,204,75,38,0,3307,-1,52,161,0,14,175,126,29,326,2,269,2174,43,589,583,81,391
17-Jun-20,Recovered,0,128,3,231,205,4,165,0,957,3,11,348,7,204,30,133,348,90,7,0,1315,3,33,236,0,0,73,77,10,505,0,44,842,0,0,335,38,505
17-Jun-20,Deceased,0,2,0,0,0,0,0,0,67,0,0,27,0,12,1,1,8,0,0,0,114,0,0,6,0,0,0,6,1,5,0,1,48,0,0,30,1,11
18-Jun-20,Confirmed,1,425,0,209,100,4,82,0,2877,4,49,510,10,386,23,149,210,97,0,0,3752,0,54,182,9,0,174,118,26,315,0,352,2141,21,430,604,80,435
18-Jun-20,Recovered,2,131,1,206,185,0,103,0,3884,2,13,389,5,604,47,230,176,89,3,0,1672,1,7,244,0,6,97,32,7,275,1,230,1017,83,0,399,132,468
18-Jun-20,Deceased,0,2,0,1,5,0,0,0,65,0,0,31,0,4,1,7,12,1,0,0,100,0,0,4,0,0,0,5,1,17,0,3,49,0,0,23,0,12
19-Jun-20,Confirmed,2,465,32,0,250,7,72,0,3137,14,20,540,32,525,42,125,337,118,57,0,3827,0,75,156,0,5,165,217,16,299,0,499,2115,27,224,809,74,355
19-Jun-20,Recovered,0,133,3,218,137,9,103,0,2228,0,9,340,12,333,137,50,230,96,0,0,1935,0,19,116,8,16,153,66,2,255,16,51,1630,18,0,357,47,302
19-Jun-20,Deceased,0,4,0,0,5,0,1,0,66,0,0,27,0,10,0,4,9,0,0,0,142,0,0,9,0,0,0,9,1,3,0,3,41,0,0,19,0,11
20-Jun-20,Confirmed,0,491,0,249,213,23,116,0,3630,17,29,539,29,480,63,154,416,127,92,0,3874,0,96,142,10,3,179,120,51,381,0,546,2396,8,338,541,124,441
20-Jun-20,Recovered,0,206,1,136,269,1,63,0,7725,12,11,535,20,239,69,142,183,57,22,0,1380,0,14,132,0,13,237,42,13,277,0,154,1045,23,0,374,17,562
20-Jun-20,Deceased,0,5,0,0,0,0,1,0,77,0,0,20,0,5,0,6,9,0,0,0,91,0,0,6,0,0,1,6,0,4,0,5,38,0,0,22,1,11
21-Jun-20,Confirmed,1,477,4,332,162,2,121,0,3000,5,64,580,17,412,74,122,453,133,1,0,3870,0,64,179,1,10,304,122,28,393,8,730,2532,35,-138,596,43,414
21-Jun-20,Recovered,2,196,6,202,264,0,53,0,1719,1,6,655,12,429,2,46,226,93,17,0,1591,5,18,135,0,3,186,22,9,323,4,225,1438,79,0,626,50,432
21-Jun-20,Deceased,0,5,0,0,2,0,0,0,63,0,0,25,0,11,0,1,5,0,0,0,186,0,0,14,0,0,4,1,1,12,0,7,53,0,0,21,0,15
22-Jun-20,Confirmed,0,443,9,267,228,5,47,0,2909,15,46,563,54,390,42,132,249,138,10,0,3721,2,57,175,1,69,143,161,17,302,0,872,2710,16,-1295,591,58,413
22-Jun-20,Recovered,0,128,1,161,136,6,66,0,3589,0,17,560,12,359,63,149,111,88,2,0,1962,0,0,200,3,0,143,125,9,313,4,274,1358,23,0,606,21,390
22-Jun-20,Deceased,0,5,0,0,1,0,1,0,58,0,1,21,0,9,0,3,5,0,0,0,113,0,0,6,0,0,2,2,0,7,0,7,37,0,0,19,1,14
23-Jun-20,Confirmed,2,462,10,203,157,7,83,0,3947,9,45,549,48,495,53,148,322,141,85,0,3214,1,23,183,0,50,167,162,19,395,1,879,2516,23,183,571,133,370
23-Jun-20,Recovered,3,157,16,197,260,0,40,0,2711,0,53,604,3,582,51,111,274,60,12,0,1925,4,8,120,7,0,125,222,16,303,0,219,1227,25,0,515,81,531
23-Jun-20,Deceased,0,8,0,0,2,0,0,0,68,0,1,26,0,9,0,2,8,1,0,0,248,0,0,4,0,0,3,4,1,9,0,3,39,0,0,19,2,11
24-Jun-20,Confirmed,6,497,2,226,223,2,34,0,3788,13,42,572,31,490,26,186,397,152,0,0,3889,0,49,187,3,17,282,230,59,382,4,891,2865,0,126,664,88,445
24-Jun-20,Recovered,1,187,0,196,79,0,74,0,2124,3,84,575,34,427,55,176,149,81,126,0,4161,0,70,138,5,7,135,52,11,398,10,137,2424,97,0,470,119,484
24-Jun-20,Deceased,0,10,1,0,1,0,0,0,64,0,0,25,0,10,1,1,14,0,0,0,208,0,0,9,0,0,0,8,0,10,0,5,33,0,0,8,5,11
25-Jun-20,Confirmed,2,553,12,364,215,3,37,0,3390,20,44,577,33,453,44,127,442,123,9,0,4842,0,86,147,0,8,210,142,41,287,2,920,3509,32,352,636,68,475
25-Jun-20,Recovered,0,209,4,75,374,7,128,0,3328,8,46,410,8,455,30,149,519,53,84,0,3661,1,26,146,6,12,168,93,11,229,0,327,2236,122,0,533,37,488
25-Jun-20,Deceased,0,7,0,0,1,0,0,0,64,0,0,18,1,10,0,2,6,0,0,0,192,0,0,8,0,0,0,7,0,4,0,5,45,0,0,15,1,15
26-Jun-20,Confirmed,14,605,2,273,190,2,89,0,3460,15,44,580,25,421,31,213,445,150,5,0,5024,2,19,203,2,16,218,188,32,364,2,985,3645,35,-370,750,34,542
26-Jun-20,Recovered,2,208,7,214,189,6,156,0,2326,12,35,532,20,636,42,113,246,65,109,0,2362,0,39,185,17,2,131,9,16,222,0,78,1358,36,0,464,64,345
26-Jun-20,Deceased,0,10,0,0,0,0,1,0,63,0,0,18,0,13,0,1,10,0,0,0,175,0,0,4,0,0,0,2,0,1,0,7,46,0,0,19,1,10
27-Jun-20,Confirmed,0,796,3,246,302,3,65,0,2948,15,89,615,30,543,45,204,918,195,14,0,6368,0,17,167,3,16,170,99,85,284,0,1087,3713,9,-100,606,66,521
27-Jun-20,Recovered,0,284,5,567,261,0,52,0,2210,6,50,379,7,456,77,145,371,102,87,0,4430,0,39,167,8,2,184,119,18,305,10,162,2737,16,0,632,87,254
27-Jun-20,Deceased,0,11,0,1,2,0,0,0,66,0,0,18,0,7,0,2,11,0,0,0,167,0,0,4,0,0,1,6,1,11,0,6,68,0,0,19,0,13
28-Jun-20,Confirmed,11,813,5,327,244,3,84,0,2889,4,70,624,22,402,25,127,1267,118,3,0,5493,2,93,221,1,28,264,160,29,327,1,983,3940,12,-184,598,32,572
28-Jun-20,Recovered,2,428,6,274,226,1,125,0,3306,13,58,391,17,445,69,91,220,42,32,0,2330,0,23,113,0,0,137,206,31,244,0,244,1443,8,0,593,109,404
28-Jun-20,Deceased,0,12,0,1,4,0,0,0,65,0,1,19,0,5,0,1,16,0,0,0,156,0,0,7,0,0,3,5,1,8,0,4,54,0,0,11,1,10
29-Jun-20,Confirmed,7,793,5,302,394,3,101,0,2084,15,53,626,26,381,62,144,1105,122,1,0,5257,1,42,184,0,36,245,202,42,389,0,975,3949,34,-554,681,8,624
29-Jun-20,Recovered,0,324,1,245,218,13,88,0,3628,6,46,440,38,585,56,269,176,79,30,0,2385,0,39,115,6,4,203,238,10,310,0,410,2212,6,0,698,93,526
29-Jun-20,Deceased,0,11,0,0,1,0,0,0,57,0,0,19,0,9,3,1,19,1,0,0,181,0,0,7,0,0,2,5,0,6,0,6,62,0,0,12,1,14
30-Jun-20,Confirmed,7,704,4,613,370,6,63,0,2199,10,64,620,11,338,64,260,947,131,9,0,4878,2,7,223,9,8,206,150,24,348,0,945,3943,8,-281,664,50,652
30-Jun-20,Recovered,0,279,1,314,170,15,100,0,2113,7,72,422,19,470,35,137,235,75,32,0,1951,0,59,196,61,0,243,103,10,299,1,1712,2325,0,0,578,120,411
30-Jun-20,Deceased,0,7,0,1,5,0,0,0,62,0,0,20,1,4,0,6,20,1,0,0,245,0,0,8,0,0,2,6,1,8,0,7,60,0,0,25,2,15
01-Jul-20,Confirmed,3,657,4,548,216,6,82,0,2442,16,72,675,26,393,35,198,1272,151,17,0,5537,2,26,268,0,42,251,100,25,304,1,1018,3882,8,-89,564,66,611
01-Jul-20,Recovered,5,477,4,184,267,3,53,0,1644,27,74,368,42,527,47,134,145,132,46,0,2243,0,26,260,1,14,164,122,29,354,2,788,2852,1,0,545,86,398
01-Jul-20,Deceased,0,6,0,0,5,0,1,0,61,0,1,21,0,4,0,4,7,1,0,0,198,0,0,9,0,0,1,5,0,8,0,7,63,0,0,21,0,15
02-Jul-20,Confirmed,9,845,37,479,478,4,73,0,2373,25,95,681,35,568,60,154,1502,160,1,0,6328,3,19,245,2,34,229,116,63,350,12,1213,4343,39,-83,769,37,649
02-Jul-20,Recovered,1,325,5,275,183,22,59,0,3015,3,64,563,15,520,57,118,271,202,35,0,8018,1,37,160,3,15,149,155,30,374,0,987,3095,53,0,592,88,509
02-Jul-20,Deceased,0,5,0,2,5,0,0,0,61,0,0,19,0,11,0,10,19,0,0,0,125,0,0,8,0,0,2,3,0,9,0,8,57,0,0,17,1,16
03-Jul-20,Confirmed,7,837,20,365,426,4,52,0,2520,50,94,687,19,494,112,170,1694,211,11,0,6364,4,37,191,0,4,561,153,22,390,1,1892,4329,93,-801,972,64,669
03-Jul-20,Recovered,3,319,4,221,217,4,52,0,2617,21,38,340,39,672,13,101,471,201,47,0,3515,0,23,234,1,31,203,122,53,333,0,1126,2357,53,0,376,76,534
03-Jul-20,Deceased,0,8,0,0,6,0,0,0,59,0,0,18,0,4,0,4,21,0,0,0,198,0,0,4,0,0,2,5,1,10,0,8,64,0,0,14,0,18
04-Jul-20,Confirmed,3,765,7,1202,349,5,96,0,2505,37,108,712,13,545,42,227,1839,240,3,0,7074,8,9,307,2,24,495,172,80,480,1,1850,4280,25,-1032,757,45,743
04-Jul-20,Recovered,12,376,1,416,277,2,112,0,2632,9,53,473,25,566,34,68,439,209,50,0,3395,0,28,185,3,0,229,40,21,359,0,1342,2214,3,0,557,21,595
04-Jul-20,Deceased,0,12,0,0,4,0,0,0,81,0,2,21,1,5,3,8,42,0,0,0,295,0,0,5,0,0,6,5,1,7,0,5,65,0,0,24,0,19
05-Jul-20,Confirmed,6,998,10,735,403,7,46,0,2244,32,77,725,17,457,68,183,1925,225,0,0,6555,2,41,326,22,27,469,174,42,632,22,1590,4150,23,-370,1153,31,895
05-Jul-20,Recovered,6,414,2,690,277,0,52,0,3083,17,111,486,28,687,10,112,603,126,0,0,3658,0,22,177,3,3,290,102,43,288,9,1166,2186,4,0,607,22,545
05-Jul-20,Deceased,0,14,0,0,2,0,0,0,63,0,1,18,0,5,1,5,37,0,0,0,151,0,0,10,0,0,3,2,0,9,0,7,60,0,0,12,0,21
06-Jul-20,Confirmed,16,1322,1,786,280,21,98,0,1379,27,52,735,14,499,47,246,1843,193,0,0,5368,16,24,354,11,35,456,208,65,524,0,1831,3827,111,284,929,37,861
06-Jul-20,Recovered,2,498,14,508,249,6,66,0,749,16,125,423,26,391,23,63,680,167,10,0,3522,0,45,168,0,12,262,86,32,350,4,2078,3793,13,0,348,62,524
06-Jul-20,Deceased,0,7,1,0,7,0,0,0,48,0,0,17,0,11,1,6,30,2,0,0,204,0,0,9,0,0,2,5,0,5,0,11,61,0,0,24,0,22
07-Jul-20,Confirmed,6,1178,6,814,385,5,110,0,2008,27,90,778,6,495,164,256,1498,272,36,0,5134,6,40,343,1,19,571,258,32,716,2,1879,3616,24,121,1332,69,850
07-Jul-20,Recovered,0,825,13,388,324,0,84,0,2129,10,95,421,27,310,36,81,571,111,24,0,3296,0,37,189,6,60,217,60,37,297,0,1506,4545,29,0,518,35,555
07-Jul-20,Deceased,0,13,0,2,1,1,0,0,50,1,1,17,0,3,2,5,15,0,0,0,224,0,0,5,0,0,6,6,0,11,0,7,65,0,0,18,1,25
08-Jul-20,Confirmed,2,1062,11,696,749,15,111,0,2033,15,136,783,18,691,116,330,2062,301,6,0,6603,6,5,409,5,13,527,158,110,659,6,1924,3756,57,-16,1188,28,986
08-Jul-20,Recovered,0,1356,4,397,203,1,107,0,3982,11,51,569,43,461,66,168,778,107,28,0,4634,2,22,219,4,1,303,274,67,291,6,992,3051,76,0,704,29,501
08-Jul-20,Deceased,0,12,0,6,2,0,0,0,48,0,0,16,0,3,0,6,54,0,0,0,198,1,0,7,0,0,7,3,0,10,0,11,64,0,0,18,3,23
09-Jul-20,Confirmed,7,1555,15,568,704,16,140,0,2187,14,112,861,39,674,134,240,2228,339,8,0,6875,13,15,305,0,16,577,233,49,500,1,1410,4231,16,-633,1206,47,1088
09-Jul-20,Recovered,9,1053,11,421,251,1,68,0,4027,10,66,429,13,399,40,128,957,149,27,0,4067,0,6,245,0,0,401,117,35,204,0,913,3994,14,0,796,22,535
09-Jul-20,Deceased,0,13,0,5,9,0,1,0,45,0,1,15,0,5,1,5,17,0,0,0,219,0,0,5,0,0,6,5,2,9,0,7,65,0,0,17,0,27
10-Jul-20,Confirmed,0,1608,33,936,352,13,166,0,2089,14,100,875,31,570,250,387,2313,416,9,0,7862,73,132,316,23,59,755,217,72,611,0,1278,3680,142,-224,1338,68,1198
10-Jul-20,Recovered,9,1040,0,701,459,5,125,0,2468,19,74,441,39,399,14,91,1003,112,2,0,5366,0,33,249,0,0,565,72,18,550,9,1013,4163,34,0,660,34,522
10-Jul-20,Deceased,0,15,0,8,2,0,2,0,42,0,0,14,0,3,0,5,57,0,0,0,226,0,0,4,0,0,6,4,1,6,0,8,64,0,0,27,0,26
11-Jul-20,Confirmed,0,1813,6,535,709,13,65,0,1781,14,117,872,11,648,145,268,2798,488,13,0,8139,76,11,544,1,16,570,230,65,574,26,1178,3965,31,-745,1392,44,1344
11-Jul-20,Recovered,0,1199,5,578,740,5,42,0,2998,12,81,502,23,490,32,109,880,143,11,0,4360,0,11,198,7,9,388,23,53,249,0,1714,3591,3,0,902,12,611
11-Jul-20,Deceased,0,17,0,2,7,1,0,0,34,0,3,10,0,7,1,10,70,2,0,0,223,0,0,6,0,0,6,8,1,6,0,9,69,1,0,24,0,26
12-Jul-20,Confirmed,7,1933,19,735,1266,10,184,0,1573,16,85,879,31,658,97,357,2627,435,9,0,7827,33,16,431,4,26,595,234,81,644,4,1269,4244,105,-392,1384,120,1560
12-Jul-20,Recovered,8,1019,13,468,962,4,83,0,2276,31,59,513,21,589,52,84,693,132,0,0,3340,0,53,197,0,14,390,352,49,234,1,1563,3617,46,0,645,68,622
12-Jul-20,Deceased,0,19,0,4,7,0,2,0,37,0,2,13,0,4,7,10,71,2,0,0,173,0,0,9,0,0,5,4,0,7,0,8,68,0,0,21,1,26
13-Jul-20,Confirmed,3,1935,27,1001,1116,29,184,0,1246,25,130,902,30,689,203,314,2738,449,7,0,6497,21,17,575,2,71,616,357,50,544,2,1550,4328,26,-666,1654,71,1435
13-Jul-20,Recovered,9,1052,7,522,411,6,49,0,1344,42,53,608,11,654,43,116,838,162,18,0,4182,1,74,332,1,13,505,194,46,527,6,1197,3035,54,0,869,70,632
13-Jul-20,Deceased,0,37,1,4,9,0,0,0,40,0,3,10,0,7,2,8,73,2,0,0,193,0,0,10,0,0,7,5,0,8,0,9,66,0,0,21,2,24
14-Jul-20,Confirmed,5,1916,75,859,1432,12,114,0,1606,16,170,915,66,699,262,346,2496,608,35,0,6741,2,46,798,5,51,543,333,63,635,45,1524,4526,90,-179,1594,78,1390
14-Jul-20,Recovered,20,1003,8,757,655,23,73,0,1924,33,67,749,11,453,77,128,1142,181,0,0,4500,0,50,367,8,6,609,77,44,539,-1,1161,4743,63,0,778,11,718
14-Jul-20,Deceased,0,43,0,6,9,2,1,0,35,0,1,14,0,4,3,8,87,1,0,0,213,0,0,10,0,0,5,9,0,6,0,10,67,0,0,28,1,24
15-Jul-20,Confirmed,5,2432,29,1088,1320,19,177,0,1647,17,198,925,32,678,337,493,3176,623,14,0,7975,19,28,638,0,6,618,288,65,866,11,1597,4496,98,-655,1659,99,1589
15-Jul-20,Recovered,1,911,0,715,514,13,49,0,2463,28,67,791,28,577,57,114,1076,196,18,0,3606,0,60,333,0,2,612,204,60,333,1,1159,5000,66,0,762,81,749
15-Jul-20,Deceased,0,44,0,2,14,1,0,0,41,1,0,10,0,7,2,11,87,1,0,0,233,0,0,9,0,0,5,8,3,6,0,11,68,1,0,29,0,20
16-Jul-20,Confirmed,4,2593,52,892,1385,16,198,0,1652,18,157,919,36,696,221,490,4169,722,5,0,8641,40,64,735,34,14,494,295,147,737,13,1676,4549,98,-239,2058,197,1690
16-Jul-20,Recovered,3,1015,0,666,568,17,127,0,1994,21,143,828,5,518,28,109,1263,228,6,0,5527,3,49,219,1,43,401,410,58,468,0,1296,5106,33,0,932,47,735
16-Jul-20,Deceased,0,40,0,2,10,0,1,0,58,0,1,10,0,3,4,16,104,2,0,0,266,0,0,7,0,0,2,9,1,8,0,10,69,0,0,34,0,23
17-Jul-20,Confirmed,0,2602,66,1218,1742,25,249,0,1462,32,196,949,40,795,313,601,3693,791,4,0,8308,26,36,704,10,40,718,348,89,615,32,1478,4538,118,-754,1722,120,1894
17-Jul-20,Recovered,0,905,22,551,896,4,61,0,1608,22,129,770,40,533,64,112,1028,132,3,0,2217,0,34,387,0,14,453,96,67,656,1,1410,3391,47,0,959,26,838
17-Jul-20,Deceased,0,42,0,1,6,0,3,0,26,0,2,17,0,5,4,9,115,1,1,0,258,0,0,9,0,0,6,9,3,8,0,7,79,0,0,38,1,26
18-Jul-20,Confirmed,0,3963,41,1117,1667,31,243,0,1475,45,180,960,40,750,289,441,4537,593,8,0,8348,15,91,681,2,22,591,350,58,711,19,1284,4807,171,-368,1873,174,2198
18-Jul-20,Recovered,0,1465,99,1060,774,5,146,0,1973,22,92,1061,19,600,79,607,1018,204,12,0,5306,0,19,350,7,0,607,81,48,518,2,1902,3049,51,0,1030,60,1286
18-Jul-20,Deceased,0,52,0,2,4,1,0,0,26,0,0,19,0,17,2,5,93,2,0,0,144,0,0,8,0,0,3,7,3,7,0,6,88,2,0,24,1,27
